[{"id":"user-image-f66f8711-2942-4a88-b7bc-12df544fddc2.png","fileName":"f66f8711-2942-4a88-b7bc-12df544fddc2.png","name":"f66f8711-2942-4a88-b7bc-12df544fddc2","publicUrl":"//images01.nicepagecdn.com/76e8acd1b2cdabc9e1b4d50e/51544be17cc457af886f1bce/f66f8711-2942-4a88-b7bc-12df544fddc2.png","size":58674,"hash":"6boq7X6NofC8qhjHlpC2AxmP630=","width":460,"height":301,"folderId":null,"thumbnail":{"url":"//images01.nicepagecdn.com/thumbs/76e8acd1b2cdabc9e1b4d50e/51544be17cc457af886f1bce/f66f8711-2942-4a88-b7bc-12df544fddc2_150.png","width":150,"height":98},"usages":["2348085"]},{"id":"user-image-1ee4f2ef-94a4-44d2-9a47-2f5c8fd0707d.jpg","fileName":"1ee4f2ef-94a4-44d2-9a47-2f5c8fd0707d.jpg","name":"1ee4f2ef-94a4-44d2-9a47-2f5c8fd0707d","publicUrl":"//images01.nicepagecdn.com/76e8acd1b2cdabc9e1b4d50e/5a091b8db0dc570ca07196df/1ee4f2ef-94a4-44d2-9a47-2f5c8fd0707d.jpg","size":123845,"hash":"vvLQkCC+SqrpCDQm+Y6MeWtK8Kk=","width":1280,"height":853,"folderId":null,"thumbnail":{"url":"//images01.nicepagecdn.com/thumbs/76e8acd1b2cdabc9e1b4d50e/5a091b8db0dc570ca07196df/1ee4f2ef-94a4-44d2-9a47-2f5c8fd0707d_150.jpg","width":150,"height":100},"usages":["2348085"]},{"id":"user-image-1f12a506-e674-4f02-bce7-80bcf2665af2.jpg","fileName":"1f12a506-e674-4f02-bce7-80bcf2665af2.jpg","name":"1f12a506-e674-4f02-bce7-80bcf2665af2","publicUrl":"//images01.nicepagecdn.com/76e8acd1b2cdabc9e1b4d50e/071ab4f250225b42b1c79971/1f12a506-e674-4f02-bce7-80bcf2665af2.jpg","size":166319,"hash":"tvkYYxYFq5K+uk9R0V1jsxA+HBc=","width":1600,"height":1040,"folderId":null,"thumbnail":{"url":"//images01.nicepagecdn.com/thumbs/76e8acd1b2cdabc9e1b4d50e/071ab4f250225b42b1c79971/1f12a506-e674-4f02-bce7-80bcf2665af2_150.jpg","width":150,"height":98},"usages":["2348085"]},{"id":"user-image-216ed5ec-91ce-411a-a62f-d4d43516d418.jpeg","fileName":"216ed5ec-91ce-411a-a62f-d4d43516d418.jpeg","name":"216ed5ec-91ce-411a-a62f-d4d43516d418","publicUrl":"//images01.nicepagecdn.com/76e8acd1b2cdabc9e1b4d50e/e8263a3e7c92513a96c343ba/216ed5ec-91ce-411a-a62f-d4d43516d418.jpeg","size":243225,"hash":"OKfCEw+y0NvEAxCtG7uj79BX7Is=","width":1600,"height":900,"folderId":null,"thumbnail":{"url":"//images01.nicepagecdn.com/thumbs/76e8acd1b2cdabc9e1b4d50e/e8263a3e7c92513a96c343ba/216ed5ec-91ce-411a-a62f-d4d43516d418_150.jpeg","width":150,"height":84},"usages":["2348085"]},{"id":"user-image-4004a987-50b5-40ed-9c29-4056170e7b41.jpg","fileName":"4004a987-50b5-40ed-9c29-4056170e7b41.jpg","name":"4004a987-50b5-40ed-9c29-4056170e7b41","publicUrl":"//images01.nicepagecdn.com/76e8acd1b2cdabc9e1b4d50e/d1edab2b806e50aeb91bec73/4004a987-50b5-40ed-9c29-4056170e7b41.jpg","size":131607,"hash":"e/8BM9a7HbFef7z76+6pd/xUEbI=","width":1440,"height":1080,"folderId":null,"thumbnail":{"url":"//images01.nicepagecdn.com/thumbs/76e8acd1b2cdabc9e1b4d50e/d1edab2b806e50aeb91bec73/4004a987-50b5-40ed-9c29-4056170e7b41_150.jpg","width":150,"height":113},"usages":["2348085"]},{"id":"user-image-7ed57ab6-6558-4f02-8b65-2d41dcc91317.jpg","fileName":"7ed57ab6-6558-4f02-8b65-2d41dcc91317.jpg","name":"7ed57ab6-6558-4f02-8b65-2d41dcc91317","publicUrl":"//images01.nicepagecdn.com/76e8acd1b2cdabc9e1b4d50e/4532ad904eee5c18a39f3fa8/7ed57ab6-6558-4f02-8b65-2d41dcc91317.jpg","size":91996,"hash":"bwd2JbueNFS6P27euz669KzhdLE=","width":1440,"height":1080,"folderId":null,"thumbnail":{"url":"//images01.nicepagecdn.com/thumbs/76e8acd1b2cdabc9e1b4d50e/4532ad904eee5c18a39f3fa8/7ed57ab6-6558-4f02-8b65-2d41dcc91317_150.jpg","width":150,"height":113},"usages":["2348085"]},{"id":"user-image-3f29375e-03d8-40d3-bc95-772ed3a9fa9c.jpg","fileName":"3f29375e-03d8-40d3-bc95-772ed3a9fa9c.jpg","name":"3f29375e-03d8-40d3-bc95-772ed3a9fa9c","publicUrl":"//images01.nicepagecdn.com/76e8acd1b2cdabc9e1b4d50e/7ebad5f2f4045bf4960df4f2/3f29375e-03d8-40d3-bc95-772ed3a9fa9c.jpg","size":227150,"hash":"FPCk71f3sbNT1Bf6boQ1AJaxvyo=","width":1280,"height":851,"folderId":null,"thumbnail":{"url":"//images01.nicepagecdn.com/thumbs/76e8acd1b2cdabc9e1b4d50e/7ebad5f2f4045bf4960df4f2/3f29375e-03d8-40d3-bc95-772ed3a9fa9c_150.jpg","width":150,"height":100},"usages":["2348085"]},{"id":"user-image-7d7d8f1c-cba9-4d5a-af5a-5ecb0871476b.jpg","fileName":"7d7d8f1c-cba9-4d5a-af5a-5ecb0871476b.jpg","name":"7d7d8f1c-cba9-4d5a-af5a-5ecb0871476b","publicUrl":"//images01.nicepagecdn.com/76e8acd1b2cdabc9e1b4d50e/387bb4ee5f375c1097b9a861/7d7d8f1c-cba9-4d5a-af5a-5ecb0871476b.jpg","size":116001,"hash":"8amvQLdTgWGjJezM6XzQZ0MKS2o=","width":1125,"height":960,"folderId":null,"thumbnail":{"url":"//images01.nicepagecdn.com/thumbs/76e8acd1b2cdabc9e1b4d50e/387bb4ee5f375c1097b9a861/7d7d8f1c-cba9-4d5a-af5a-5ecb0871476b_150.jpg","width":150,"height":128},"usages":["2348087"]},{"id":"user-image-a0b65780-7f17-4c2f-9a4d-45a825eeb235.jpg","fileName":"a0b65780-7f17-4c2f-9a4d-45a825eeb235.jpg","name":"a0b65780-7f17-4c2f-9a4d-45a825eeb235","publicUrl":"//images01.nicepagecdn.com/76e8acd1b2cdabc9e1b4d50e/962308979a925219a1b4e360/a0b65780-7f17-4c2f-9a4d-45a825eeb235.jpg","size":115780,"hash":"YtOvTbs0uOkmyL5nulvQF4NUtNs=","width":1125,"height":960,"folderId":null,"thumbnail":{"url":"//images01.nicepagecdn.com/thumbs/76e8acd1b2cdabc9e1b4d50e/962308979a925219a1b4e360/a0b65780-7f17-4c2f-9a4d-45a825eeb235_150.jpg","width":150,"height":128},"usages":["2348087"]},{"id":"user-image-fb272997-33ed-431b-8e41-4b7eadea369e.jpg","fileName":"fb272997-33ed-431b-8e41-4b7eadea369e.jpg","name":"fb272997-33ed-431b-8e41-4b7eadea369e","publicUrl":"//images01.nicepagecdn.com/76e8acd1b2cdabc9e1b4d50e/93c42fc5e15058e3910f553a/fb272997-33ed-431b-8e41-4b7eadea369e.jpg","size":189467,"hash":"aEXePGUlfA7exONgDv+cHCLm19I=","width":1600,"height":960,"folderId":null,"thumbnail":{"url":"//images01.nicepagecdn.com/thumbs/76e8acd1b2cdabc9e1b4d50e/93c42fc5e15058e3910f553a/fb272997-33ed-431b-8e41-4b7eadea369e_150.jpg","width":150,"height":90},"usages":["2348087"]},{"id":"user-image-0447af70-2194-49f6-9fe5-1c8d940826c9.jpg","fileName":"0447af70-2194-49f6-9fe5-1c8d940826c9.jpg","name":"0447af70-2194-49f6-9fe5-1c8d940826c9","publicUrl":"//images01.nicepagecdn.com/76e8acd1b2cdabc9e1b4d50e/56ae54b3b8965bce851a3da7/0447af70-2194-49f6-9fe5-1c8d940826c9.jpg","size":119340,"hash":"kb63r5icWMnjw8Jcs9wQpHYPiws=","width":1440,"height":1080,"folderId":null,"thumbnail":{"url":"//images01.nicepagecdn.com/thumbs/76e8acd1b2cdabc9e1b4d50e/56ae54b3b8965bce851a3da7/0447af70-2194-49f6-9fe5-1c8d940826c9_150.jpg","width":150,"height":113},"usages":["2348087"]},{"id":"user-image-00dbcd07-0223-4d41-854f-c1c92947157d.jpg","fileName":"00dbcd07-0223-4d41-854f-c1c92947157d.jpg","name":"00dbcd07-0223-4d41-854f-c1c92947157d","publicUrl":"//images01.nicepagecdn.com/76e8acd1b2cdabc9e1b4d50e/5256e6d11f6c5158afa696a1/00dbcd07-0223-4d41-854f-c1c92947157d.jpg","size":110073,"hash":"Jcc0e9JZ0K1FQFVoBv/Q175dY3w=","width":1440,"height":1080,"folderId":null,"thumbnail":{"url":"//images01.nicepagecdn.com/thumbs/76e8acd1b2cdabc9e1b4d50e/5256e6d11f6c5158afa696a1/00dbcd07-0223-4d41-854f-c1c92947157d_150.jpg","width":150,"height":113},"usages":["2348087"]},{"id":"user-image-9e179328-4428-44b0-a5f2-a77b4c370f7f.jpg","fileName":"9e179328-4428-44b0-a5f2-a77b4c370f7f.jpg","name":"9e179328-4428-44b0-a5f2-a77b4c370f7f","publicUrl":"//images01.nicepagecdn.com/76e8acd1b2cdabc9e1b4d50e/f353ee6a626d5080906cf542/9e179328-4428-44b0-a5f2-a77b4c370f7f.jpg","size":113068,"hash":"UAZTxYx10wKZYAEEMjx3BCXSZmo=","width":1600,"height":960,"folderId":null,"thumbnail":{"url":"//images01.nicepagecdn.com/thumbs/76e8acd1b2cdabc9e1b4d50e/f353ee6a626d5080906cf542/9e179328-4428-44b0-a5f2-a77b4c370f7f_150.jpg","width":150,"height":90},"usages":["2348087"]},{"id":"user-image-ffb05d1a-ae09-41c1-8ca8-c0aacb4f243a.jpg","fileName":"ffb05d1a-ae09-41c1-8ca8-c0aacb4f243a.jpg","name":"ffb05d1a-ae09-41c1-8ca8-c0aacb4f243a","publicUrl":"//images01.nicepagecdn.com/76e8acd1b2cdabc9e1b4d50e/7d63465b816f5435a8d3bbab/ffb05d1a-ae09-41c1-8ca8-c0aacb4f243a.jpg","size":122741,"hash":"tc+UotuJQbuJItuWA7SduB9QfNs=","width":1440,"height":1080,"folderId":null,"thumbnail":{"url":"//images01.nicepagecdn.com/thumbs/76e8acd1b2cdabc9e1b4d50e/7d63465b816f5435a8d3bbab/ffb05d1a-ae09-41c1-8ca8-c0aacb4f243a_150.jpg","width":150,"height":113},"usages":["2348087"]},{"id":"user-image-51cfe114-a32c-451a-a716-ed8ccea693e3.jpg","fileName":"51cfe114-a32c-451a-a716-ed8ccea693e3.jpg","name":"51cfe114-a32c-451a-a716-ed8ccea693e3","publicUrl":"//images01.nicepagecdn.com/76e8acd1b2cdabc9e1b4d50e/ccc2d6747fe75a40b66e0068/51cfe114-a32c-451a-a716-ed8ccea693e3.jpg","size":143801,"hash":"beTxxagwhph7PdP/ipS4JaGseyg=","width":1440,"height":1080,"folderId":null,"thumbnail":{"url":"//images01.nicepagecdn.com/thumbs/76e8acd1b2cdabc9e1b4d50e/ccc2d6747fe75a40b66e0068/51cfe114-a32c-451a-a716-ed8ccea693e3_150.jpg","width":150,"height":113},"usages":["2348087"]},{"id":"user-image-d293671c-4d7a-4ad9-a60a-188abcd6a8ca.jpg","fileName":"d293671c-4d7a-4ad9-a60a-188abcd6a8ca.jpg","name":"d293671c-4d7a-4ad9-a60a-188abcd6a8ca","publicUrl":"//images01.nicepagecdn.com/76e8acd1b2cdabc9e1b4d50e/4e633082080e5417a0296142/d293671c-4d7a-4ad9-a60a-188abcd6a8ca.jpg","size":167037,"hash":"vjm6P7xFEwiJfJVemrZYxlw9BG4=","width":1445,"height":1080,"folderId":null,"thumbnail":{"url":"//images01.nicepagecdn.com/thumbs/76e8acd1b2cdabc9e1b4d50e/4e633082080e5417a0296142/d293671c-4d7a-4ad9-a60a-188abcd6a8ca_150.jpg","width":150,"height":112},"usages":["2348087"]},{"id":"user-image-35bf60e2-80f2-4529-a25e-ed5a5f89dd45.jpg","fileName":"35bf60e2-80f2-4529-a25e-ed5a5f89dd45.jpg","name":"35bf60e2-80f2-4529-a25e-ed5a5f89dd45","publicUrl":"//images01.nicepagecdn.com/76e8acd1b2cdabc9e1b4d50e/2f45bec4992d51f29534535a/35bf60e2-80f2-4529-a25e-ed5a5f89dd45.jpg","size":128687,"hash":"232EdJ69TKgD82P/jcOJyf98j+I=","width":1600,"height":960,"folderId":null,"thumbnail":{"url":"//images01.nicepagecdn.com/thumbs/76e8acd1b2cdabc9e1b4d50e/2f45bec4992d51f29534535a/35bf60e2-80f2-4529-a25e-ed5a5f89dd45_150.jpg","width":150,"height":90},"usages":["2348087"]},{"id":"user-image-01995213-a180-46c1-969f-082ab314cc1b.jpg","fileName":"01995213-a180-46c1-969f-082ab314cc1b.jpg","name":"01995213-a180-46c1-969f-082ab314cc1b","publicUrl":"//images01.nicepagecdn.com/76e8acd1b2cdabc9e1b4d50e/81a843609ad453cc8bd8f73a/01995213-a180-46c1-969f-082ab314cc1b.jpg","size":150086,"hash":"VoI7X3x+/HbCb8ALaZCqfT9is38=","width":1440,"height":1080,"folderId":null,"thumbnail":{"url":"//images01.nicepagecdn.com/thumbs/76e8acd1b2cdabc9e1b4d50e/81a843609ad453cc8bd8f73a/01995213-a180-46c1-969f-082ab314cc1b_150.jpg","width":150,"height":113},"usages":["2348087"]},{"id":"user-image-2f8bc8af-b615-456a-ad4f-672cba90966c.jpg","fileName":"2f8bc8af-b615-456a-ad4f-672cba90966c.jpg","name":"2f8bc8af-b615-456a-ad4f-672cba90966c","publicUrl":"//images01.nicepagecdn.com/76e8acd1b2cdabc9e1b4d50e/c682964598f959e288c787f2/2f8bc8af-b615-456a-ad4f-672cba90966c.jpg","size":104705,"hash":"OxuY3UwePwLKjgAe4pd6KcxZosM=","width":1600,"height":960,"folderId":null,"thumbnail":{"url":"//images01.nicepagecdn.com/thumbs/76e8acd1b2cdabc9e1b4d50e/c682964598f959e288c787f2/2f8bc8af-b615-456a-ad4f-672cba90966c_150.jpg","width":150,"height":90},"usages":["2348087"]},{"id":"user-image-c88ee1c0-512f-40c2-aa31-c8e78019d21a.jpg","fileName":"c88ee1c0-512f-40c2-aa31-c8e78019d21a.jpg","name":"c88ee1c0-512f-40c2-aa31-c8e78019d21a","publicUrl":"//images01.nicepagecdn.com/76e8acd1b2cdabc9e1b4d50e/5439730bb8d15d6ab8140628/c88ee1c0-512f-40c2-aa31-c8e78019d21a.jpg","size":153289,"hash":"vYmQBSfaH/Qmh/lFn96ukd5P6Mo=","width":1093,"height":1080,"folderId":null,"thumbnail":{"url":"//images01.nicepagecdn.com/thumbs/76e8acd1b2cdabc9e1b4d50e/5439730bb8d15d6ab8140628/c88ee1c0-512f-40c2-aa31-c8e78019d21a_150.jpg","width":150,"height":148},"usages":["2348087"]},{"id":"user-image-a82fe300-e469-490c-893f-f84e5c7c4ec7.jpg","fileName":"a82fe300-e469-490c-893f-f84e5c7c4ec7.jpg","name":"a82fe300-e469-490c-893f-f84e5c7c4ec7","publicUrl":"//images01.nicepagecdn.com/76e8acd1b2cdabc9e1b4d50e/2e8d839f272359e4b2d9f846/a82fe300-e469-490c-893f-f84e5c7c4ec7.jpg","size":137361,"hash":"X3YV5YXqmv3qoa5GX5AD0D+63gI=","width":1600,"height":960,"folderId":null,"thumbnail":{"url":"//images01.nicepagecdn.com/thumbs/76e8acd1b2cdabc9e1b4d50e/2e8d839f272359e4b2d9f846/a82fe300-e469-490c-893f-f84e5c7c4ec7_150.jpg","width":150,"height":90},"usages":["2348087"]},{"id":"user-image-6d36c263-4aa5-4915-90d0-db322167399a.jpg","fileName":"6d36c263-4aa5-4915-90d0-db322167399a.jpg","name":"6d36c263-4aa5-4915-90d0-db322167399a","publicUrl":"//images01.nicepagecdn.com/76e8acd1b2cdabc9e1b4d50e/cf1d9b1c342857e5ba8f7e85/6d36c263-4aa5-4915-90d0-db322167399a.jpg","size":152652,"hash":"ioJzhnuEre0NfhFnwxuHZ5CdNO8=","width":1600,"height":960,"folderId":null,"thumbnail":{"url":"//images01.nicepagecdn.com/thumbs/76e8acd1b2cdabc9e1b4d50e/cf1d9b1c342857e5ba8f7e85/6d36c263-4aa5-4915-90d0-db322167399a_150.jpg","width":150,"height":90},"usages":["2348087"]},{"id":"user-image-936dd397-87f1-473a-98c1-ec2cfb8b45e6.jpg","fileName":"936dd397-87f1-473a-98c1-ec2cfb8b45e6.jpg","name":"936dd397-87f1-473a-98c1-ec2cfb8b45e6","publicUrl":"//images01.nicepagecdn.com/76e8acd1b2cdabc9e1b4d50e/71bd06488a885bc496c67838/936dd397-87f1-473a-98c1-ec2cfb8b45e6.jpg","size":142247,"hash":"bVMhoTxGXW8odkqzN4yFvdN80v0=","width":1445,"height":1080,"folderId":null,"thumbnail":{"url":"//images01.nicepagecdn.com/thumbs/76e8acd1b2cdabc9e1b4d50e/71bd06488a885bc496c67838/936dd397-87f1-473a-98c1-ec2cfb8b45e6_150.jpg","width":150,"height":112},"usages":["2348087"]},{"id":"user-image-0b091049-6402-4c78-a9e4-ba0d9071b178.jpg","fileName":"0b091049-6402-4c78-a9e4-ba0d9071b178.jpg","name":"0b091049-6402-4c78-a9e4-ba0d9071b178","publicUrl":"//images01.nicepagecdn.com/76e8acd1b2cdabc9e1b4d50e/b291396d1e8d5717966a32b2/0b091049-6402-4c78-a9e4-ba0d9071b178.jpg","size":132604,"hash":"lGXn580RNS811IzAqszH491m5eA=","width":1440,"height":1080,"folderId":null,"thumbnail":{"url":"//images01.nicepagecdn.com/thumbs/76e8acd1b2cdabc9e1b4d50e/b291396d1e8d5717966a32b2/0b091049-6402-4c78-a9e4-ba0d9071b178_150.jpg","width":150,"height":113},"usages":["2348087"]},{"id":"user-image-e2fc91ba-4604-4382-8398-5b3a2e125836.jpg","fileName":"e2fc91ba-4604-4382-8398-5b3a2e125836.jpg","name":"e2fc91ba-4604-4382-8398-5b3a2e125836","publicUrl":"//images01.nicepagecdn.com/76e8acd1b2cdabc9e1b4d50e/523f6958391650aabfc6b16a/e2fc91ba-4604-4382-8398-5b3a2e125836.jpg","size":106807,"hash":"ffPCOlY7wJTufkOOKZiPyjciKBM=","width":1440,"height":1080,"folderId":null,"thumbnail":{"url":"//images01.nicepagecdn.com/thumbs/76e8acd1b2cdabc9e1b4d50e/523f6958391650aabfc6b16a/e2fc91ba-4604-4382-8398-5b3a2e125836_150.jpg","width":150,"height":113},"usages":["2348087"]},{"id":"user-image-0e2cafa0-92ec-41ba-8238-32a515d97542.jpg","fileName":"0e2cafa0-92ec-41ba-8238-32a515d97542.jpg","name":"0e2cafa0-92ec-41ba-8238-32a515d97542","publicUrl":"//images01.nicepagecdn.com/76e8acd1b2cdabc9e1b4d50e/978464dff2e15005ac3d1a8b/0e2cafa0-92ec-41ba-8238-32a515d97542.jpg","size":142193,"hash":"Ps9hXOzf3yaNVqNk1FHt3X9gtJI=","width":1440,"height":1080,"folderId":null,"thumbnail":{"url":"//images01.nicepagecdn.com/thumbs/76e8acd1b2cdabc9e1b4d50e/978464dff2e15005ac3d1a8b/0e2cafa0-92ec-41ba-8238-32a515d97542_150.jpg","width":150,"height":113},"usages":["2348087"]},{"id":"user-image-d6fd4d57-4d27-4e23-8745-884acf9dbc1f.jpg","fileName":"d6fd4d57-4d27-4e23-8745-884acf9dbc1f.jpg","name":"d6fd4d57-4d27-4e23-8745-884acf9dbc1f","publicUrl":"//images01.nicepagecdn.com/76e8acd1b2cdabc9e1b4d50e/5b28752e3c705ed898dbdfba/d6fd4d57-4d27-4e23-8745-884acf9dbc1f.jpg","size":137648,"hash":"VnYW/JqB8bUU5JitCGa5NmKmF3g=","width":1440,"height":1080,"folderId":null,"thumbnail":{"url":"//images01.nicepagecdn.com/thumbs/76e8acd1b2cdabc9e1b4d50e/5b28752e3c705ed898dbdfba/d6fd4d57-4d27-4e23-8745-884acf9dbc1f_150.jpg","width":150,"height":113},"usages":["2348087"]},{"id":"user-image-8e96d634-d132-44f1-812e-e0ddb51561a8.jpg","fileName":"8e96d634-d132-44f1-812e-e0ddb51561a8.jpg","name":"8e96d634-d132-44f1-812e-e0ddb51561a8","publicUrl":"//images01.nicepagecdn.com/76e8acd1b2cdabc9e1b4d50e/3547685cc7aa59e8950fe70e/8e96d634-d132-44f1-812e-e0ddb51561a8.jpg","size":120552,"hash":"n3aHGQNUBvNpiIXw0y9o9PvFu2w=","width":1440,"height":1080,"folderId":null,"thumbnail":{"url":"//images01.nicepagecdn.com/thumbs/76e8acd1b2cdabc9e1b4d50e/3547685cc7aa59e8950fe70e/8e96d634-d132-44f1-812e-e0ddb51561a8_150.jpg","width":150,"height":113},"usages":["2348087"]},{"id":"user-image-7431e2a9-b15f-4fe9-a82e-f28efdd12790.jpg","fileName":"7431e2a9-b15f-4fe9-a82e-f28efdd12790.jpg","name":"7431e2a9-b15f-4fe9-a82e-f28efdd12790","publicUrl":"//images01.nicepagecdn.com/76e8acd1b2cdabc9e1b4d50e/b8a6d6e09d6d591c996eeb78/7431e2a9-b15f-4fe9-a82e-f28efdd12790.jpg","size":84435,"hash":"KuehKJzwLdEq3PQ/d4p9IMkaW+g=","width":1920,"height":811,"folderId":null,"thumbnail":{"url":"//images01.nicepagecdn.com/thumbs/76e8acd1b2cdabc9e1b4d50e/b8a6d6e09d6d591c996eeb78/7431e2a9-b15f-4fe9-a82e-f28efdd12790_150.jpg","width":150,"height":63},"usages":["2348087"]},{"id":"user-image-f1b5bf33-462b-4412-b754-c1a9efd7c45e.jpg","fileName":"f1b5bf33-462b-4412-b754-c1a9efd7c45e.jpg","name":"f1b5bf33-462b-4412-b754-c1a9efd7c45e","publicUrl":"//images01.nicepagecdn.com/76e8acd1b2cdabc9e1b4d50e/9836c3ae758556a0a666b057/f1b5bf33-462b-4412-b754-c1a9efd7c45e.jpg","size":107686,"hash":"vOx9pPEk/FVGvMYad8ifbuEXcSE=","width":1440,"height":1080,"folderId":null,"thumbnail":{"url":"//images01.nicepagecdn.com/thumbs/76e8acd1b2cdabc9e1b4d50e/9836c3ae758556a0a666b057/f1b5bf33-462b-4412-b754-c1a9efd7c45e_150.jpg","width":150,"height":113},"usages":["2348087"]},{"id":"user-image-375e79d4-1985-4478-864b-804d6d5d21fb.jpg","fileName":"375e79d4-1985-4478-864b-804d6d5d21fb.jpg","name":"375e79d4-1985-4478-864b-804d6d5d21fb","publicUrl":"//images01.nicepagecdn.com/76e8acd1b2cdabc9e1b4d50e/8f8db07387c453a7ad7960d3/375e79d4-1985-4478-864b-804d6d5d21fb.jpg","size":137648,"hash":"VnYW/JqB8bUU5JitCGa5NmKmF3g=","width":1440,"height":1080,"folderId":null,"thumbnail":{"url":"//images01.nicepagecdn.com/thumbs/76e8acd1b2cdabc9e1b4d50e/8f8db07387c453a7ad7960d3/375e79d4-1985-4478-864b-804d6d5d21fb_150.jpg","width":150,"height":113},"usages":["2348087"]},{"id":"user-image-7786fd18-cc29-416f-abcf-b3580b238fc3.jpg","fileName":"7786fd18-cc29-416f-abcf-b3580b238fc3.jpg","name":"7786fd18-cc29-416f-abcf-b3580b238fc3","publicUrl":"//images01.nicepagecdn.com/76e8acd1b2cdabc9e1b4d50e/839b8f86a72453cfab9af48e/7786fd18-cc29-416f-abcf-b3580b238fc3.jpg","size":237125,"hash":"kIrNGBaOhd8+g4RmWL0cs0w4mRM=","width":1440,"height":1080,"folderId":null,"thumbnail":{"url":"//images01.nicepagecdn.com/thumbs/76e8acd1b2cdabc9e1b4d50e/839b8f86a72453cfab9af48e/7786fd18-cc29-416f-abcf-b3580b238fc3_150.jpg","width":150,"height":113},"usages":["2348087"]},{"id":"user-image-a5eb3989-c008-4f05-be46-dfd0f7e459aa.jpg","fileName":"a5eb3989-c008-4f05-be46-dfd0f7e459aa.jpg","name":"a5eb3989-c008-4f05-be46-dfd0f7e459aa","publicUrl":"//images01.nicepagecdn.com/76e8acd1b2cdabc9e1b4d50e/6b8ee30e23425f35bd50756b/a5eb3989-c008-4f05-be46-dfd0f7e459aa.jpg","size":223795,"hash":"Asoss7whWfAnnIJQWZoVySiB0gE=","width":1440,"height":1080,"folderId":null,"thumbnail":{"url":"//images01.nicepagecdn.com/thumbs/76e8acd1b2cdabc9e1b4d50e/6b8ee30e23425f35bd50756b/a5eb3989-c008-4f05-be46-dfd0f7e459aa_150.jpg","width":150,"height":113},"usages":["2348087"]},{"id":"user-image-2ab31e24-f7a9-4e43-98dc-66080467ef85.jpg","fileName":"2ab31e24-f7a9-4e43-98dc-66080467ef85.jpg","name":"2ab31e24-f7a9-4e43-98dc-66080467ef85","publicUrl":"//images01.nicepagecdn.com/76e8acd1b2cdabc9e1b4d50e/d2048fd5dba459caab0eed92/2ab31e24-f7a9-4e43-98dc-66080467ef85.jpg","size":205777,"hash":"GdnvLx07DCxQjFzLWuM88pbWy9w=","width":1600,"height":1063,"folderId":null,"thumbnail":{"url":"//images01.nicepagecdn.com/thumbs/76e8acd1b2cdabc9e1b4d50e/d2048fd5dba459caab0eed92/2ab31e24-f7a9-4e43-98dc-66080467ef85_150.jpg","width":150,"height":100},"usages":["2348087"]},{"id":"user-image-7ffbf007-3510-47ad-89d0-c2c8fd09cdb3.jpg","fileName":"7ffbf007-3510-47ad-89d0-c2c8fd09cdb3.jpg","name":"7ffbf007-3510-47ad-89d0-c2c8fd09cdb3","publicUrl":"//images01.nicepagecdn.com/76e8acd1b2cdabc9e1b4d50e/ff0b463cc5745b04bcf7d8cc/7ffbf007-3510-47ad-89d0-c2c8fd09cdb3.jpg","size":314547,"hash":"imYHSPUpDDV7CGQ3aM+VN0z32SY=","width":1440,"height":1080,"folderId":null,"thumbnail":{"url":"//images01.nicepagecdn.com/thumbs/76e8acd1b2cdabc9e1b4d50e/ff0b463cc5745b04bcf7d8cc/7ffbf007-3510-47ad-89d0-c2c8fd09cdb3_150.jpg","width":150,"height":113},"usages":["2348087"]},{"id":"user-image-cdb93c6d-af2e-475d-80a1-a1e0a9e0ca8f.png","fileName":"cdb93c6d-af2e-475d-80a1-a1e0a9e0ca8f.png","name":"cdb93c6d-af2e-475d-80a1-a1e0a9e0ca8f","publicUrl":"//images01.nicepagecdn.com/76e8acd1b2cdabc9e1b4d50e/df5359a228565a07a8c964a3/cdb93c6d-af2e-475d-80a1-a1e0a9e0ca8f.png","size":644112,"hash":"i9co5cxWSwSFLu/FRaID3uGK6N4=","width":1266,"height":1032,"folderId":null,"thumbnail":{"url":"//images01.nicepagecdn.com/thumbs/76e8acd1b2cdabc9e1b4d50e/df5359a228565a07a8c964a3/cdb93c6d-af2e-475d-80a1-a1e0a9e0ca8f_150.png","width":150,"height":122},"usages":["2348088"]},{"id":"user-image-a9bd7efb-3a57-45f9-a9a8-b4841a68dc08.png","fileName":"a9bd7efb-3a57-45f9-a9a8-b4841a68dc08.png","name":"a9bd7efb-3a57-45f9-a9a8-b4841a68dc08","publicUrl":"//images01.nicepagecdn.com/76e8acd1b2cdabc9e1b4d50e/944939b148ea52eb915bfb9f/a9bd7efb-3a57-45f9-a9a8-b4841a68dc08.png","size":54297,"hash":"bRxMdugPSXVlgSEcHpfE9wieu6s=","width":1248,"height":198,"folderId":null,"thumbnail":{"url":"//images01.nicepagecdn.com/thumbs/76e8acd1b2cdabc9e1b4d50e/944939b148ea52eb915bfb9f/a9bd7efb-3a57-45f9-a9a8-b4841a68dc08_150.png","width":150,"height":24},"usages":["2348104"]}]