[{"id":1405135,"title":"Restaurant Schweizerhof","order":null,"templateKey":null,"customTemplate":false,"customTemplateFilename":null,"pageLinks":[""],"dateCreated":"2022-02-10T18:38:33.687","dateUpdated":"2022-02-10T18:43:11.093","folderId":null,"pageName":null,"sectionCount":0,"status":2},{"id":1405129,"title":"Blog Template","order":1,"templateKey":"blog","customTemplate":false,"customTemplateFilename":null,"pageLinks":[""],"dateCreated":"2022-02-10T18:38:32.743","dateUpdated":"2022-02-10T18:38:33.037","folderId":null,"pageName":null,"sectionCount":0,"status":2},{"id":1405130,"title":"Post Template","order":2,"templateKey":"post","customTemplate":false,"customTemplateFilename":null,"pageLinks":[""],"dateCreated":"2022-02-10T18:38:33.063","dateUpdated":"2022-02-10T18:38:33.227","folderId":null,"pageName":null,"sectionCount":0,"status":2},{"id":1405131,"title":"Product List Template","order":3,"templateKey":"products","customTemplate":false,"customTemplateFilename":null,"pageLinks":[""],"dateCreated":"2022-02-10T18:38:33.253","dateUpdated":"2022-02-10T18:38:33.38","folderId":null,"pageName":null,"sectionCount":0,"status":2},{"id":1405133,"title":"Product Details Template","order":4,"templateKey":"product","customTemplate":false,"customTemplateFilename":null,"pageLinks":[""],"dateCreated":"2022-02-10T18:38:33.41","dateUpdated":"2022-02-10T18:38:33.513","folderId":null,"pageName":null,"sectionCount":0,"status":2},{"id":1405134,"title":"Shopping Cart Template","order":5,"templateKey":"cart","customTemplate":false,"customTemplateFilename":null,"pageLinks":[""],"dateCreated":"2022-02-10T18:38:33.543","dateUpdated":"2022-02-10T18:38:33.653","folderId":null,"pageName":null,"sectionCount":0,"status":2},{"id":1405137,"title":"Login Template","order":7,"templateKey":"login","customTemplate":false,"customTemplateFilename":null,"pageLinks":[""],"dateCreated":"2022-02-10T18:38:35.297","dateUpdated":"2022-02-10T18:38:35.477","folderId":null,"pageName":null,"sectionCount":0,"status":2},{"id":256138930,"title":"Search Template","order":8,"templateKey":"Search","customTemplate":false,"customTemplateFilename":null,"pageLinks":[],"dateCreated":"2025-03-06T14:11:24.747Z","dateUpdated":"2025-03-06T14:11:24.830Z","folderId":null,"pageName":"Search Template","sectionCount":1,"status":2},{"id":2348020,"title":"Password Template","order":9,"templateKey":"password","customTemplate":false,"customTemplateFilename":null,"pageLinks":[""],"dateCreated":"2022-07-01T11:57:18.153","dateUpdated":"2022-07-01T11:57:18.327","folderId":null,"pageName":null,"sectionCount":0,"status":2},{"id":1405138,"title":"404 Not Found Template","order":10,"templateKey":"404","customTemplate":false,"customTemplateFilename":null,"pageLinks":[""],"dateCreated":"2022-02-10T18:38:35.813","dateUpdated":"2022-02-10T18:38:35.95","folderId":null,"pageName":null,"sectionCount":0,"status":2},{"id":870330169,"title":"Thank You Template","order":11,"templateKey":"ThankYou","customTemplate":false,"customTemplateFilename":null,"pageLinks":[],"dateCreated":"2025-03-06T14:11:24.797Z","dateUpdated":"2025-03-06T14:11:24.831Z","folderId":null,"pageName":"Thank You Template","sectionCount":1,"status":2}]