[{"id":2348083,"title":"Impressum","order":null,"templateKey":null,"customTemplate":false,"customTemplateFilename":null,"pageLinks":[""],"dateCreated":"2022-07-01T12:07:17.93","dateUpdated":"2022-07-01T12:07:18.1","folderId":null,"pageName":null,"sectionCount":0,"status":2},{"id":2348084,"title":"Kontakt","order":null,"templateKey":null,"customTemplate":false,"customTemplateFilename":null,"pageLinks":[""],"dateCreated":"2022-07-01T12:07:18.447","dateUpdated":"2022-07-01T12:07:18.633","folderId":null,"pageName":null,"sectionCount":0,"status":2},{"id":2348085,"title":"Gasthaus Schweizerhof am See","order":null,"templateKey":null,"customTemplate":false,"customTemplateFilename":null,"pageLinks":["72602537","45714008"],"dateCreated":"2022-07-01T12:07:18.977","dateUpdated":"2025-03-06T14:03:25.177Z","folderId":null,"pageName":"Gasthaus Schweizerhof am See_2348085","sectionCount":3,"status":2},{"id":2348086,"title":"Verfügbarkeiten Übersicht","order":null,"templateKey":null,"customTemplate":false,"customTemplateFilename":null,"pageLinks":[""],"dateCreated":"2022-07-01T12:07:19.633","dateUpdated":"2022-07-01T12:07:19.79","folderId":null,"pageName":null,"sectionCount":0,"status":2},{"id":2348087,"title":"Gallerie","order":null,"templateKey":null,"customTemplate":false,"customTemplateFilename":null,"pageLinks":[""],"dateCreated":"2022-07-01T12:07:20.133","dateUpdated":"2022-07-01T12:07:20.68","folderId":null,"pageName":null,"sectionCount":0,"status":2},{"id":2348088,"title":"Zimmerpreise 2022","order":null,"templateKey":null,"customTemplate":false,"customTemplateFilename":null,"pageLinks":[""],"dateCreated":"2022-07-01T12:07:21.007","dateUpdated":"2022-07-01T12:07:21.257","folderId":null,"pageName":null,"sectionCount":0,"status":2},{"id":2348089,"title":"Juniorsuite Grünberg Seeseite","order":null,"templateKey":null,"customTemplate":false,"customTemplateFilename":null,"pageLinks":[""],"dateCreated":"2022-07-01T12:07:21.603","dateUpdated":"2022-07-01T12:07:21.807","folderId":null,"pageName":null,"sectionCount":0,"status":2},{"id":2348090,"title":"Juniorsuite Toskana Seeseite","order":null,"templateKey":null,"customTemplate":false,"customTemplateFilename":null,"pageLinks":[""],"dateCreated":"2022-07-01T12:07:22.163","dateUpdated":"2022-07-01T12:07:22.337","folderId":null,"pageName":null,"sectionCount":0,"status":2},{"id":2348091,"title":"Schloss Orth DZ Seeseite","order":null,"templateKey":null,"customTemplate":false,"customTemplateFilename":null,"pageLinks":[""],"dateCreated":"2022-07-01T12:07:22.68","dateUpdated":"2022-07-01T12:07:22.837","folderId":null,"pageName":null,"sectionCount":0,"status":2},{"id":2348092,"title":"Sonnstein DZ Seeseite","order":null,"templateKey":null,"customTemplate":false,"customTemplateFilename":null,"pageLinks":[""],"dateCreated":"2022-07-01T12:07:23.257","dateUpdated":"2022-07-01T12:07:23.477","folderId":null,"pageName":null,"sectionCount":0,"status":2},{"id":2348093,"title":"Salettl Suite Seeseite","order":null,"templateKey":null,"customTemplate":false,"customTemplateFilename":null,"pageLinks":[""],"dateCreated":"2022-07-01T12:07:23.82","dateUpdated":"2022-07-01T12:07:23.993","folderId":null,"pageName":null,"sectionCount":0,"status":2},{"id":2348094,"title":"Gmundnerberg DZ Bergblick","order":null,"templateKey":null,"customTemplate":false,"customTemplateFilename":null,"pageLinks":[""],"dateCreated":"2022-07-01T12:07:24.337","dateUpdated":"2022-07-01T12:07:24.507","folderId":null,"pageName":null,"sectionCount":0,"status":2},{"id":2348095,"title":"Traunstein DZ Seeseite","order":null,"templateKey":null,"customTemplate":false,"customTemplateFilename":null,"pageLinks":["72602537","45714008"],"dateCreated":"2022-07-01T12:07:24.853","dateUpdated":"2025-03-06T14:01:16.134Z","folderId":null,"pageName":"Traunstein DZ Seeseite_2348095","sectionCount":1,"status":2},{"id":2348096,"title":"Grasberg DZ Bergblick","order":null,"templateKey":null,"customTemplate":false,"customTemplateFilename":null,"pageLinks":[""],"dateCreated":"2022-07-01T12:07:25.397","dateUpdated":"2022-07-01T12:07:25.587","folderId":null,"pageName":null,"sectionCount":0,"status":2},{"id":2348097,"title":"Preise und Buchung","order":null,"templateKey":null,"customTemplate":false,"customTemplateFilename":null,"pageLinks":[""],"dateCreated":"2022-07-01T12:07:25.913","dateUpdated":"2022-07-01T12:07:26.087","folderId":null,"pageName":null,"sectionCount":0,"status":2},{"id":2348098,"title":"JuniorSuite Grünberg1","order":null,"templateKey":null,"customTemplate":false,"customTemplateFilename":null,"pageLinks":[""],"dateCreated":"2022-07-01T12:07:26.43","dateUpdated":"2022-07-01T12:07:26.603","folderId":null,"pageName":null,"sectionCount":0,"status":2},{"id":2348099,"title":"Kontaktieren Sie uns","order":null,"templateKey":null,"customTemplate":false,"customTemplateFilename":null,"pageLinks":[""],"dateCreated":"2022-07-01T12:07:26.947","dateUpdated":"2022-07-01T12:07:27.117","folderId":null,"pageName":null,"sectionCount":0,"status":2},{"id":2348107,"title":"Interaktive Salzkammergutseite","order":null,"templateKey":null,"customTemplate":false,"customTemplateFilename":null,"pageLinks":[""],"dateCreated":"2022-07-01T12:07:29.117","dateUpdated":"2022-07-01T12:07:29.273","folderId":null,"pageName":null,"sectionCount":0,"status":2},{"id":2348074,"title":"Blog Template","order":1,"templateKey":"blog","customTemplate":false,"customTemplateFilename":null,"pageLinks":[""],"dateCreated":"2022-07-01T12:07:13.663","dateUpdated":"2022-07-01T12:07:13.897","folderId":null,"pageName":null,"sectionCount":0,"status":2},{"id":2348075,"title":"Post Template","order":2,"templateKey":"post","customTemplate":false,"customTemplateFilename":null,"pageLinks":[""],"dateCreated":"2022-07-01T12:07:14.18","dateUpdated":"2022-07-01T12:07:14.383","folderId":null,"pageName":null,"sectionCount":0,"status":2},{"id":2348076,"title":"Product List Template","order":3,"templateKey":"products","customTemplate":false,"customTemplateFilename":null,"pageLinks":[""],"dateCreated":"2022-07-01T12:07:14.663","dateUpdated":"2022-07-01T12:07:14.867","folderId":null,"pageName":null,"sectionCount":0,"status":2},{"id":2348077,"title":"Product Details Template","order":4,"templateKey":"product","customTemplate":false,"customTemplateFilename":null,"pageLinks":[""],"dateCreated":"2022-07-01T12:07:15.147","dateUpdated":"2022-07-01T12:07:15.32","folderId":null,"pageName":null,"sectionCount":0,"status":2},{"id":2348078,"title":"Shopping Cart Template","order":5,"templateKey":"cart","customTemplate":false,"customTemplateFilename":null,"pageLinks":[""],"dateCreated":"2022-07-01T12:07:15.6","dateUpdated":"2022-07-01T12:07:15.773","folderId":null,"pageName":null,"sectionCount":0,"status":2},{"id":2348079,"title":"Checkout Template","order":6,"templateKey":"checkout","customTemplate":false,"customTemplateFilename":null,"pageLinks":[""],"dateCreated":"2022-07-01T12:07:16.057","dateUpdated":"2022-07-01T12:07:16.227","folderId":null,"pageName":null,"sectionCount":0,"status":2},{"id":2348080,"title":"Login Template","order":7,"templateKey":"login","customTemplate":false,"customTemplateFilename":null,"pageLinks":[""],"dateCreated":"2022-07-01T12:07:16.507","dateUpdated":"2022-07-01T12:07:16.68","folderId":null,"pageName":null,"sectionCount":0,"status":2},{"id":1905627247,"title":"Search Template","order":8,"templateKey":"Search","customTemplate":false,"customTemplateFilename":null,"pageLinks":[],"dateCreated":"2025-03-06T14:00:00.530Z","dateUpdated":"2025-03-06T14:00:00.640Z","folderId":null,"pageName":"Search Template","sectionCount":1,"status":2},{"id":2348081,"title":"Page Password Template","order":9,"templateKey":"password","customTemplate":false,"customTemplateFilename":null,"pageLinks":[""],"dateCreated":"2022-07-01T12:07:16.96","dateUpdated":"2022-07-01T12:07:17.133","folderId":null,"pageName":null,"sectionCount":0,"status":2},{"id":2348082,"title":"404 Not Found Template","order":10,"templateKey":"404","customTemplate":false,"customTemplateFilename":null,"pageLinks":[""],"dateCreated":"2022-07-01T12:07:17.413","dateUpdated":"2022-07-01T12:07:17.587","folderId":null,"pageName":null,"sectionCount":0,"status":2},{"id":562107680,"title":"Thank You Template","order":11,"templateKey":"ThankYou","customTemplate":false,"customTemplateFilename":null,"pageLinks":[],"dateCreated":"2025-03-06T14:00:00.595Z","dateUpdated":"2025-03-06T14:00:00.641Z","folderId":null,"pageName":"Thank You Template","sectionCount":1,"status":2}]